{
    "rmse": 7153.717255815625,
    "mae": 5321.677513156266,
    "r2": 0.6703633624082179
}